{
  "baseline": {
    "final_mean_stress": {
      "mean": 38.08820021340747,
      "std": 0.8419960933707166,
      "stderr": 0.15372675122345583,
      "ci95_low": 37.78689578100949,
      "ci95_high": 38.389504645805445
    },
    "final_max_stress": {
      "mean": 84.81207346608943,
      "std": 2.019399311325447,
      "stderr": 0.368690185141115,
      "ci95_low": 84.08944070321284,
      "ci95_high": 85.53470622896602
    },
    "final_mean_usage": {
      "mean": 288.49011588012013,
      "std": 6.295958781451978,
      "stderr": 1.1494795485746623,
      "ci95_low": 286.2371359649138,
      "ci95_high": 290.74309579532644
    },
    "burnout_count_day_30": {
      "mean": 0.9666666666666667,
      "std": 0.18257418583505536,
      "stderr": 0.03333333333333333,
      "ci95_low": 0.9013333333333333,
      "ci95_high": 1.032
    },
    "peak_burnout_count_1_30": {
      "mean": 1.3,
      "std": 0.466091599699399,
      "stderr": 0.08509629433967632,
      "ci95_low": 1.1332112630942346,
      "ci95_high": 1.4667887369057655
    },
    "total_stress_auc": {
      "mean": 113491.65078636595,
      "std": 1957.3182138554891,
      "stderr": 357.3557793147907,
      "ci95_low": 112791.23345890896,
      "ci95_high": 114192.06811382294
    }
  },
  "intervention": {
    "final_mean_stress": {
      "mean": 35.54515262064456,
      "std": 0.8281468332256436,
      "stderr": 0.15119823382805128,
      "ci95_low": 35.24880408234158,
      "ci95_high": 35.84150115894754
    },
    "final_max_stress": {
      "mean": 84.77660335769936,
      "std": 2.0598437335752466,
      "stderr": 0.37607429260494135,
      "ci95_low": 84.03949774419367,
      "ci95_high": 85.51370897120505
    },
    "final_mean_usage": {
      "mean": 275.86427933625305,
      "std": 6.426663472356975,
      "stderr": 1.1733428511014647,
      "ci95_low": 273.5645273480942,
      "ci95_high": 278.1640313244119
    },
    "burnout_count_day_30": {
      "mean": 0.9666666666666667,
      "std": 0.18257418583505536,
      "stderr": 0.03333333333333333,
      "ci95_low": 0.9013333333333333,
      "ci95_high": 1.032
    },
    "peak_burnout_count_1_30": {
      "mean": 1.0333333333333334,
      "std": 0.1825741858350553,
      "stderr": 0.03333333333333332,
      "ci95_low": 0.9680000000000002,
      "ci95_high": 1.0986666666666667
    },
    "total_stress_auc": {
      "mean": 108695.09334254108,
      "std": 1840.2741091410696,
      "stderr": 335.98654718976263,
      "ci95_low": 108036.55971004914,
      "ci95_high": 109353.62697503301
    }
  },
  "paired_difference": {
    "final_mean_stress": {
      "mean": 2.5430475927629166,
      "std": 0.28917410799463183,
      "stderr": 0.05279572733169828,
      "ci95_low": 2.439567967192788,
      "ci95_high": 2.6465272183330453
    },
    "final_max_stress": {
      "mean": 0.035470108390054614,
      "std": 0.04748067589101209,
      "stderr": 0.008668745743699675,
      "ci95_low": 0.01847936673240325,
      "ci95_high": 0.05246085004770598
    },
    "final_mean_usage": {
      "mean": 12.625836543867086,
      "std": 1.557950682583507,
      "stderr": 0.28444157744385257,
      "ci95_low": 12.068331052077134,
      "ci95_high": 13.183342035657038
    },
    "burnout_count_day_30": {
      "mean": 0.0,
      "std": 0.0,
      "stderr": 0.0,
      "ci95_low": 0.0,
      "ci95_high": 0.0
    },
    "peak_burnout_count_1_30": {
      "mean": 0.26666666666666666,
      "std": 0.4497764451088036,
      "stderr": 0.08211756827352529,
      "ci95_low": 0.10571623285055709,
      "ci95_high": 0.42761710048277624
    },
    "total_stress_auc": {
      "mean": 4796.557443824891,
      "std": 480.8707561051048,
      "stderr": 87.79458678777699,
      "ci95_low": 4624.480053720848,
      "ci95_high": 4968.634833928934
    }
  },
  "config": {
    "n_runs": 30,
    "intervention_day": 10,
    "n_targets": 5,
    "gamma": 0.05,
    "target_ids": [
      2,
      10,
      57,
      71,
      99
    ],
    "final_mean_stress_reduction_pct": 6.6767334200993025
  }
}