{
  "baseline": {
    "final_mean_stress": {
      "mean": 35.85683241386832,
      "std": 0.23529307674566585,
      "stderr": 0.07440620401851031,
      "ci95_low": 35.710996253992036,
      "ci95_high": 36.0026685737446
    },
    "final_max_stress": {
      "mean": 75.7047990077401,
      "std": 0.6792565607917157,
      "stderr": 0.2147997847714447,
      "ci95_low": 75.28379142958808,
      "ci95_high": 76.12580658589214
    },
    "final_mean_usage": {
      "mean": 289.95373626143976,
      "std": 1.916889044423347,
      "stderr": 0.6061735402201462,
      "ci95_low": 288.76563612260827,
      "ci95_high": 291.14183640027125
    },
    "burnout_count_day_30": {
      "mean": 0.0,
      "std": 0.0,
      "stderr": 0.0,
      "ci95_low": 0.0,
      "ci95_high": 0.0
    },
    "peak_burnout_count": {
      "mean": 194.0,
      "std": 0.0,
      "stderr": 0.0,
      "ci95_low": 194.0,
      "ci95_high": 194.0
    },
    "peak_stress": {
      "mean": 100.0,
      "std": 0.0,
      "stderr": 0.0,
      "ci95_low": 100.0,
      "ci95_high": 100.0
    },
    "total_stress_auc": {
      "mean": 1085273.8939057437,
      "std": 7050.181968698292,
      "stderr": 2229.463293973653,
      "ci95_low": 1080904.1458495553,
      "ci95_high": 1089643.6419619322
    }
  },
  "intervention": {
    "final_mean_stress": {
      "mean": 32.26805731206109,
      "std": 0.18159742338328153,
      "stderr": 0.057426147510909,
      "ci95_low": 32.15550206293971,
      "ci95_high": 32.38061256118247
    },
    "final_max_stress": {
      "mean": 74.07505492954354,
      "std": 1.0134685325805965,
      "stderr": 0.32048688998632496,
      "ci95_low": 73.44690062517034,
      "ci95_high": 74.70320923391674
    },
    "final_mean_usage": {
      "mean": 273.9056548203153,
      "std": 1.6190808759293513,
      "stderr": 0.5119983283957239,
      "ci95_low": 272.9021380966597,
      "ci95_high": 274.9091715439709
    },
    "burnout_count_day_30": {
      "mean": 0.0,
      "std": 0.0,
      "stderr": 0.0,
      "ci95_low": 0.0,
      "ci95_high": 0.0
    },
    "peak_burnout_count": {
      "mean": 194.0,
      "std": 0.0,
      "stderr": 0.0,
      "ci95_low": 194.0,
      "ci95_high": 194.0
    },
    "peak_stress": {
      "mean": 100.0,
      "std": 0.0,
      "stderr": 0.0,
      "ci95_low": 100.0,
      "ci95_high": 100.0
    },
    "total_stress_auc": {
      "mean": 1018902.825640716,
      "std": 5895.159742989906,
      "stderr": 1864.2131958380942,
      "ci95_low": 1015248.9677768734,
      "ci95_high": 1022556.6835045586
    }
  },
  "paired_difference": {
    "final_mean_stress": {
      "mean": 3.588775101807227,
      "std": 0.06956967721793418,
      "stderr": 0.02199986360913983,
      "ci95_low": 3.5456553691333133,
      "ci95_high": 3.631894834481141
    },
    "final_max_stress": {
      "mean": 1.6297440781965578,
      "std": 0.5808334183836157,
      "stderr": 0.18367565432337415,
      "ci95_low": 1.2697397957227445,
      "ci95_high": 1.989748360670371
    },
    "final_mean_usage": {
      "mean": 16.048081441124403,
      "std": 0.3934973205826498,
      "stderr": 0.12443477862146284,
      "ci95_low": 15.804189275026335,
      "ci95_high": 16.29197360722247
    },
    "burnout_count_day_30": {
      "mean": 0.0,
      "std": 0.0,
      "stderr": 0.0,
      "ci95_low": 0.0,
      "ci95_high": 0.0
    },
    "peak_burnout_count": {
      "mean": 0.0,
      "std": 0.0,
      "stderr": 0.0,
      "ci95_low": 0.0,
      "ci95_high": 0.0
    },
    "peak_stress": {
      "mean": 0.0,
      "std": 0.0,
      "stderr": 0.0,
      "ci95_low": 0.0,
      "ci95_high": 0.0
    },
    "total_stress_auc": {
      "mean": 66371.06826502783,
      "std": 1399.9345086302924,
      "stderr": 442.69816223403706,
      "ci95_low": 65503.37986704912,
      "ci95_high": 67238.75666300654
    }
  },
  "config": {
    "n_runs": 10,
    "intervention_day": 10,
    "n_targets": 50,
    "seed_used": 46,
    "final_mean_stress_reduction_pct": 10.008622792958146
  }
}