{
  "n_nodes": 1000,
  "n_edges": 5497,
  "mean_degree": 10.994,
  "clustering_coefficient": 0.18742772320375797,
  "connected_components": 1,
  "n_communities": 19,
  "community_size_distribution": [
    96,
    81,
    79,
    79,
    72,
    71,
    68,
    67,
    60,
    55,
    51,
    44,
    33,
    28,
    27,
    25,
    22,
    21,
    21
  ],
  "actual_mixing_parameter": 0.19920240665926384,
  "target_mixing_parameter": 0.1,
  "mixing_parameter_distance": 0.09920240665926383,
  "mixing_tolerance": 0.05,
  "mixing_tolerance_met": false,
  "persona_assortativity": -0.005435813210728722,
  "degree_distribution": [
    15,
    11,
    11,
    11,
    11,
    13,
    10,
    9,
    7,
    15,
    6,
    13,
    10,
    10,
    12,
    11,
    10,
    10,
    25,
    10,
    14,
    13,
    11,
    7,
    8,
    9,
    35,
    17,
    7,
    8,
    7,
    18,
    6,
    8,
    7,
    7,
    10,
    8,
    9,
    19,
    8,
    9,
    15,
    7,
    36,
    9,
    9,
    10,
    7,
    12,
    7,
    4,
    13,
    18,
    10,
    10,
    8,
    13,
    11,
    9,
    12,
    15,
    6,
    4,
    17,
    13,
    11,
    23,
    8,
    28,
    8,
    16,
    7,
    10,
    10,
    24,
    46,
    19,
    8,
    6,
    11,
    8,
    9,
    7,
    9,
    9,
    9,
    15,
    18,
    13,
    7,
    16,
    7,
    19,
    10,
    8,
    20,
    11,
    12,
    9,
    11,
    15,
    10,
    10,
    7,
    10,
    6,
    14,
    11,
    13,
    11,
    6,
    6,
    10,
    16,
    31,
    13,
    6,
    6,
    6,
    11,
    12,
    7,
    8,
    8,
    6,
    10,
    13,
    12,
    12,
    6,
    10,
    13,
    8,
    11,
    8,
    7,
    6,
    13,
    9,
    13,
    9,
    10,
    10,
    7,
    12,
    9,
    12,
    10,
    9,
    8,
    13,
    6,
    9,
    7,
    11,
    11,
    12,
    10,
    9,
    9,
    8,
    5,
    10,
    9,
    12,
    13,
    10,
    20,
    8,
    14,
    6,
    8,
    15,
    13,
    21,
    8,
    9,
    6,
    10,
    7,
    11,
    8,
    8,
    8,
    7,
    11,
    16,
    7,
    9,
    10,
    6,
    8,
    6,
    36,
    10,
    15,
    6,
    13,
    9,
    47,
    50,
    7,
    12,
    13,
    10,
    10,
    8,
    17,
    10,
    10,
    16,
    8,
    6,
    11,
    9,
    7,
    10,
    7,
    7,
    8,
    8,
    13,
    7,
    23,
    9,
    6,
    8,
    11,
    6,
    5,
    9,
    9,
    9,
    5,
    10,
    6,
    9,
    10,
    7,
    7,
    11,
    8,
    5,
    15,
    25,
    25,
    8,
    12,
    11,
    6,
    10,
    11,
    7,
    11,
    8,
    10,
    8,
    10,
    13,
    23,
    10,
    18,
    8,
    11,
    11,
    13,
    10,
    52,
    8,
    19,
    14,
    10,
    10,
    11,
    7,
    19,
    8,
    7,
    25,
    6,
    10,
    9,
    9,
    9,
    6,
    10,
    11,
    8,
    5,
    7,
    22,
    10,
    13,
    7,
    7,
    9,
    9,
    8,
    6,
    9,
    10,
    7,
    27,
    5,
    6,
    7,
    7,
    11,
    11,
    6,
    15,
    7,
    15,
    8,
    17,
    10,
    8,
    13,
    17,
    8,
    13,
    10,
    9,
    6,
    17,
    9,
    9,
    8,
    14,
    8,
    11,
    8,
    9,
    30,
    12,
    7,
    26,
    9,
    9,
    7,
    9,
    10,
    8,
    8,
    13,
    8,
    7,
    22,
    6,
    12,
    9,
    8,
    7,
    14,
    9,
    10,
    14,
    16,
    6,
    8,
    16,
    15,
    12,
    8,
    8,
    9,
    8,
    20,
    7,
    39,
    13,
    6,
    7,
    5,
    6,
    44,
    7,
    6,
    6,
    12,
    5,
    9,
    7,
    8,
    15,
    8,
    8,
    7,
    12,
    15,
    8,
    7,
    31,
    7,
    8,
    13,
    8,
    7,
    12,
    24,
    6,
    10,
    11,
    10,
    9,
    6,
    8,
    9,
    45,
    6,
    9,
    7,
    7,
    6,
    13,
    5,
    11,
    10,
    24,
    14,
    9,
    11,
    8,
    9,
    7,
    7,
    8,
    9,
    7,
    7,
    7,
    9,
    8,
    11,
    12,
    9,
    8,
    7,
    13,
    9,
    8,
    9,
    8,
    11,
    11,
    10,
    17,
    5,
    7,
    15,
    8,
    8,
    10,
    7,
    6,
    7,
    6,
    11,
    16,
    33,
    8,
    11,
    6,
    8,
    7,
    10,
    7,
    7,
    6,
    5,
    6,
    7,
    6,
    7,
    8,
    22,
    7,
    10,
    9,
    5,
    8,
    11,
    8,
    5,
    6,
    9,
    5,
    7,
    6,
    8,
    7,
    9,
    8,
    7,
    13,
    10,
    9,
    5,
    7,
    9,
    6,
    16,
    6,
    5,
    9,
    13,
    9,
    9,
    7,
    6,
    5,
    10,
    15,
    11,
    12,
    12,
    8,
    16,
    6,
    11,
    16,
    10,
    22,
    15,
    15,
    9,
    8,
    13,
    9,
    12,
    18,
    9,
    13,
    9,
    12,
    8,
    10,
    12,
    10,
    8,
    14,
    14,
    18,
    11,
    8,
    11,
    13,
    14,
    9,
    8,
    12,
    9,
    16,
    6,
    12,
    13,
    22,
    9,
    11,
    7,
    7,
    6,
    12,
    7,
    12,
    9,
    17,
    12,
    7,
    9,
    17,
    12,
    9,
    17,
    16,
    8,
    15,
    26,
    9,
    12,
    7,
    11,
    8,
    8,
    33,
    13,
    7,
    12,
    10,
    12,
    12,
    21,
    11,
    11,
    9,
    14,
    12,
    9,
    7,
    9,
    11,
    10,
    8,
    11,
    10,
    18,
    10,
    7,
    9,
    11,
    4,
    10,
    10,
    25,
    8,
    12,
    19,
    24,
    7,
    8,
    8,
    9,
    9,
    11,
    10,
    16,
    11,
    20,
    5,
    8,
    8,
    11,
    13,
    15,
    9,
    17,
    12,
    9,
    16,
    13,
    7,
    7,
    10,
    13,
    16,
    8,
    9,
    10,
    15,
    8,
    6,
    10,
    10,
    11,
    11,
    15,
    6,
    7,
    8,
    12,
    12,
    17,
    8,
    29,
    12,
    10,
    66,
    10,
    21,
    11,
    11,
    9,
    13,
    10,
    14,
    7,
    21,
    10,
    11,
    7,
    5,
    18,
    12,
    9,
    8,
    12,
    9,
    9,
    8,
    7,
    8,
    8,
    10,
    13,
    9,
    21,
    6,
    10,
    9,
    6,
    7,
    10,
    7,
    9,
    8,
    5,
    8,
    6,
    7,
    6,
    5,
    48,
    12,
    13,
    7,
    8,
    10,
    9,
    6,
    10,
    9,
    9,
    9,
    8,
    6,
    11,
    9,
    8,
    17,
    9,
    7,
    7,
    11,
    8,
    6,
    13,
    9,
    15,
    12,
    7,
    10,
    8,
    10,
    14,
    11,
    7,
    9,
    8,
    10,
    5,
    8,
    9,
    6,
    8,
    10,
    12,
    10,
    7,
    12,
    25,
    7,
    23,
    7,
    44,
    13,
    9,
    11,
    18,
    10,
    8,
    9,
    98,
    11,
    10,
    18,
    8,
    14,
    6,
    9,
    10,
    10,
    10,
    9,
    7,
    9,
    8,
    9,
    11,
    8,
    7,
    8,
    40,
    9,
    8,
    7,
    8,
    10,
    7,
    13,
    7,
    6,
    8,
    44,
    12,
    11,
    12,
    8,
    7,
    6,
    6,
    4,
    7,
    5,
    7,
    8,
    14,
    21,
    5,
    29,
    10,
    6,
    14,
    7,
    9,
    8,
    6,
    13,
    10,
    9,
    9,
    7,
    7,
    16,
    6,
    48,
    7,
    11,
    7,
    7,
    34,
    10,
    8,
    8,
    6,
    6,
    7,
    7,
    9,
    12,
    6,
    14,
    7,
    57,
    11,
    8,
    10,
    8,
    7,
    7,
    12,
    6,
    9,
    15,
    13,
    13,
    7,
    6,
    8,
    13,
    12,
    7,
    34,
    8,
    8,
    7,
    8,
    7,
    11,
    10,
    8,
    14,
    6,
    19,
    10,
    5,
    6,
    8,
    10,
    10,
    6,
    7,
    9,
    6,
    10,
    8,
    12,
    8,
    10,
    7,
    12,
    13,
    7,
    6,
    7,
    8,
    8,
    30,
    11,
    7,
    27,
    9,
    9,
    10,
    10,
    8,
    6,
    7,
    8,
    9,
    9,
    7,
    8,
    13,
    5,
    6,
    20,
    14,
    5,
    18,
    21,
    7,
    9,
    9,
    9,
    17,
    13,
    10,
    8,
    28,
    9,
    7,
    11,
    7,
    6,
    7,
    8,
    10,
    11,
    7,
    6,
    10,
    24,
    9,
    16,
    9,
    11,
    7,
    8,
    7,
    4,
    9,
    7,
    6,
    10,
    10,
    14,
    5,
    64,
    6,
    8,
    7,
    7,
    7,
    6,
    6,
    8,
    10,
    22,
    6,
    9,
    9,
    8,
    11,
    6,
    14,
    12,
