{
  "baseline": {
    "final_mean_stress": {
      "mean": 38.24068650210107,
      "std": 0.17201916836982337,
      "stderr": 0.054397237325663546,
      "ci95_low": 38.13406791694277,
      "ci95_high": 38.34730508725937
    },
    "final_max_stress": {
      "mean": 78.47057990490029,
      "std": 0.6386087599485956,
      "stderr": 0.20194582151732748,
      "ci95_low": 78.07476609472633,
      "ci95_high": 78.86639371507425
    },
    "final_mean_usage": {
      "mean": 309.20878727514463,
      "std": 1.420767707860521,
      "stderr": 0.44928619828559596,
      "ci95_low": 308.32818632650486,
      "ci95_high": 310.0893882237844
    },
    "burnout_count_day_30": {
      "mean": 0.0,
      "std": 0.0,
      "stderr": 0.0,
      "ci95_low": 0.0,
      "ci95_high": 0.0
    },
    "peak_burnout_count": {
      "mean": 194.0,
      "std": 0.0,
      "stderr": 0.0,
      "ci95_low": 194.0,
      "ci95_high": 194.0
    },
    "peak_stress": {
      "mean": 100.0,
      "std": 0.0,
      "stderr": 0.0,
      "ci95_low": 100.0,
      "ci95_high": 100.0
    },
    "total_stress_auc": {
      "mean": 1144083.3565744099,
      "std": 5548.1384623287495,
      "stderr": 1754.4754314943148,
      "ci95_low": 1140644.584728681,
      "ci95_high": 1147522.1284201387
    }
  },
  "intervention": {
    "final_mean_stress": {
      "mean": 34.95199652644174,
      "std": 0.14845468795143882,
      "stderr": 0.04694549432561028,
      "ci95_low": 34.85998335756354,
      "ci95_high": 35.044009695319936
    },
    "final_max_stress": {
      "mean": 75.25897139702849,
      "std": 0.69146727661718,
      "stderr": 0.21866115215839774,
      "ci95_low": 74.83039553879803,
      "ci95_high": 75.68754725525895
    },
    "final_mean_usage": {
      "mean": 295.2578286525108,
      "std": 1.3125978407242695,
      "stderr": 0.415079882850761,
      "ci95_low": 294.4442720821233,
      "ci95_high": 296.0713852228983
    },
    "burnout_count_day_30": {
      "mean": 0.0,
      "std": 0.0,
      "stderr": 0.0,
      "ci95_low": 0.0,
      "ci95_high": 0.0
    },
    "peak_burnout_count": {
      "mean": 194.0,
      "std": 0.0,
      "stderr": 0.0,
      "ci95_low": 194.0,
      "ci95_high": 194.0
    },
    "peak_stress": {
      "mean": 100.0,
      "std": 0.0,
      "stderr": 0.0,
      "ci95_low": 100.0,
      "ci95_high": 100.0
    },
    "total_stress_auc": {
      "mean": 1082548.9763922645,
      "std": 4984.994708500828,
      "stderr": 1576.393740274975,
      "ci95_low": 1079459.2446613256,
      "ci95_high": 1085638.7081232034
    }
  },
  "paired_difference": {
    "final_mean_stress": {
      "mean": 3.2886899756593353,
      "std": 0.08296499577609713,
      "stderr": 0.02623583527187159,
      "ci95_low": 3.2372677385264668,
      "ci95_high": 3.340112212792204
    },
    "final_max_stress": {
      "mean": 3.211608507871813,
      "std": 0.85749818715104,
      "stderr": 0.27116473608626174,
      "ci95_low": 2.68012562514274,
      "ci95_high": 3.743091390600886
    },
    "final_mean_usage": {
      "mean": 13.9509586226338,
      "std": 0.35930675188852335,
      "stderr": 0.113622771464474,
      "ci95_low": 13.728257990563431,
      "ci95_high": 14.17365925470417
    },
    "burnout_count_day_30": {
      "mean": 0.0,
      "std": 0.0,
      "stderr": 0.0,
      "ci95_low": 0.0,
      "ci95_high": 0.0
    },
    "peak_burnout_count": {
      "mean": 0.0,
      "std": 0.0,
      "stderr": 0.0,
      "ci95_low": 0.0,
      "ci95_high": 0.0
    },
    "peak_stress": {
      "mean": 0.0,
      "std": 0.0,
      "stderr": 0.0,
      "ci95_low": 0.0,
      "ci95_high": 0.0
    },
    "total_stress_auc": {
      "mean": 61534.38018214509,
      "std": 1612.062302458172,
      "stderr": 509.7788605863078,
      "ci95_low": 60535.21361539593,
      "ci95_high": 62533.54674889425
    }
  },
  "config": {
    "n_runs": 10,
    "intervention_day": 10,
    "n_targets": 50,
    "seed_used": 42,
    "configured_mu": 0.065,
    "target_mixing_parameter": 0.1,
    "final_mean_stress_reduction_pct": 8.599976298748297
  }
}