{
  "n_nodes": 1000,
  "n_edges": 5438,
  "mean_degree": 10.876,
  "clustering_coefficient": 0.2730300763966001,
  "connected_components": 1,
  "n_communities": 22,
  "community_size_distribution": [
    99,
    97,
    73,
    64,
    63,
    62,
    56,
    49,
    46,
    43,
    39,
    37,
    36,
    35,
    31,
    30,
    26,
    26,
    25,
    23,
    20,
    20
  ],
  "actual_mixing_parameter": 0.0722809250051206,
  "configured_mu": 0.065,
  "target_mixing_parameter": 0.1,
  "mixing_parameter_distance": 0.02771907499487941,
  "mixing_tolerance": 0.05,
  "mixing_tolerance_met": true,
  "persona_assortativity": NaN,
  "seed_used": 42
}