{
  "final_mean_stress": 42.13913468036164,
  "final_std_stress": 26.483245789398456,
  "final_max_stress": 86.83503826691536,
  "high_stress_agents": 426.0,
  "peak_mean_usage": 306.29273707179175
}