{
  "n_targets": 5,
  "target_ids": [
    57,
    99,
    71,
    2,
    10
  ],
  "target_degree_centrality": {
    "57": 0.13131313131313133,
    "99": 0.10101010101010102,
    "71": 0.08080808080808081,
    "2": 0.07070707070707072,
    "10": 0.07070707070707072
  }
}