{
  "baseline": {
    "final_mean_stress": {
      "mean": 35.22935718019216,
      "std": 0.7780955337503748,
      "stderr": 0.14206015857636753,
      "ci95_low": 34.95091926938248,
      "ci95_high": 35.50779509100184
    },
    "final_max_stress": {
      "mean": 78.96788587262374,
      "std": 1.8538683738418316,
      "stderr": 0.33846850899953046,
      "ci95_low": 78.30448759498466,
      "ci95_high": 79.63128415026281
    },
    "final_mean_usage": {
      "mean": 287.84654298130596,
      "std": 6.255106143158484,
      "stderr": 1.1420209113990134,
      "ci95_low": 285.6081819949639,
      "ci95_high": 290.084903967648
    },
    "burnout_count_day_30": {
      "mean": 0.16666666666666666,
      "std": 0.3790490217894517,
      "stderr": 0.06920456654478331,
      "ci95_low": 0.03102571623889136,
      "ci95_high": 0.302307617094442
    },
    "peak_burnout_count": {
      "mean": 19.0,
      "std": 0.0,
      "stderr": 0.0,
      "ci95_low": 19.0,
      "ci95_high": 19.0
    },
    "peak_stress": {
      "mean": 100.0,
      "std": 0.0,
      "stderr": 0.0,
      "ci95_low": 100.0,
      "ci95_high": 100.0
    },
    "total_stress_auc": {
      "mean": 105388.40197202058,
      "std": 1815.5023549030104,
      "stderr": 331.46386432804286,
      "ci95_low": 104738.73279793761,
      "ci95_high": 106038.07114610355
    }
  },
  "intervention": {
    "final_mean_stress": {
      "mean": 32.93629847204714,
      "std": 0.7680278244316532,
      "stderr": 0.14022205474427793,
      "ci95_low": 32.661463244748354,
      "ci95_high": 33.21113369934593
    },
    "final_max_stress": {
      "mean": 78.940867249225,
      "std": 1.8846831390453127,
      "stderr": 0.3440944896682544,
      "ci95_low": 78.26644204947522,
      "ci95_high": 79.61529244897477
    },
    "final_mean_usage": {
      "mean": 275.28418946610583,
      "std": 6.39785735404955,
      "stderr": 1.1680835975044181,
      "ci95_low": 272.99474561499716,
      "ci95_high": 277.5736333172145
    },
    "burnout_count_day_30": {
      "mean": 0.13333333333333333,
      "std": 0.34574590364176044,
      "stderr": 0.06312427686319992,
      "ci95_low": 0.009609750681461485,
      "ci95_high": 0.2570569159852052
    },
    "peak_burnout_count": {
      "mean": 19.0,
      "std": 0.0,
      "stderr": 0.0,
      "ci95_low": 19.0,
      "ci95_high": 19.0
    },
    "peak_stress": {
      "mean": 100.0,
      "std": 0.0,
      "stderr": 0.0,
      "ci95_low": 100.0,
      "ci95_high": 100.0
    },
    "total_stress_auc": {
      "mean": 101059.70788848886,
      "std": 1710.496363532969,
      "stderr": 312.2924809458547,
      "ci95_low": 100447.61462583499,
      "ci95_high": 101671.80115114273
    }
  },
  "paired_difference": {
    "final_mean_stress": {
      "mean": 2.2930587081450216,
      "std": 0.26513472701532137,
      "stderr": 0.04840675692142196,
      "ci95_low": 2.1981814645790343,
      "ci95_high": 2.387935951711009
    },
    "final_max_stress": {
      "mean": 0.02701862339875542,
      "std": 0.036713444929181605,
      "stderr": 0.006702927317145473,
      "ci95_low": 0.013880885857150293,
      "ci95_high": 0.04015636094036055
    },
    "final_mean_usage": {
      "mean": 12.562353515200176,
      "std": 1.5407157046793047,
      "stderr": 0.28129491538510765,
      "ci95_low": 12.011015481045364,
      "ci95_high": 13.113691549354987
    },
    "burnout_count_day_30": {
      "mean": 0.03333333333333333,
      "std": 0.18257418583505533,
      "stderr": 0.033333333333333326,
      "ci95_low": -0.03199999999999998,
      "ci95_high": 0.09866666666666665
    },
    "peak_burnout_count": {
      "mean": 0.0,
      "std": 0.0,
      "stderr": 0.0,
      "ci95_low": 0.0,
      "ci95_high": 0.0
    },
    "peak_stress": {
      "mean": 0.0,
      "std": 0.0,
      "stderr": 0.0,
      "ci95_low": 0.0,
      "ci95_high": 0.0
    },
    "total_stress_auc": {
      "mean": 4328.694083531691,
      "std": 443.3300848956618,
      "stderr": 80.94062930601143,
      "ci95_low": 4170.050450091909,
      "ci95_high": 4487.337716971473
    }
  },
  "config": {
    "n_runs": 30,
    "intervention_day": 10,
    "n_targets": 5,
    "seed_used": 42,
    "final_mean_stress_reduction_pct": 6.508942801358576
  }
}