{
  "n_nodes": 100,
  "n_edges": 174,
  "mean_degree": 3.48,
  "clustering_coefficient": 0.1972094017094017,
  "connected_components": 1,
  "n_communities": 8,
  "community_size_distribution": [
    17,
    13,
    12,
    12,
    12,
    12,
    12,
    10
  ],
  "actual_mixing_parameter": 0.057669413919413916,
  "target_mixing_parameter": 0.1,
  "mixing_parameter_distance": 0.04233058608058609,
  "mixing_tolerance": 0.05,
  "mixing_tolerance_met": true,
  "persona_assortativity": -0.04359695565850439,
  "degree_distribution": [
    2,
    2,
    7,
    2,
    4,
    3,
    3,
    2,
    4,
    3,
    7,
    4,
    3,
    3,
    3,
    3,
    3,
    3,
    4,
    4,
    2,
    1,
    4,
    3,
    6,
    3,
    2,
    2,
    3,
    3,
    4,
    3,
    5,
    2,
    4,
    6,
    2,
    4,
    5,
    4,
    2,
    3,
    6,
    2,
    2,
    2,
    1,
    3,
    3,
    3,
    4,
    6,
    2,
    2,
    4,
    2,
    2,
    13,
    2,
    5,
    2,
    4,
    2,
    5,
    3,
    5,
    2,
    2,
    2,
    3,
    3,
    8,
    3,
    3,
    3,
    4,
    3,
    4,
    3,
    5,
    3,
    2,
    3,
    3,
    3,
    5,
    2,
    3,
    3,
    2,
    2,
    7,
    2,
    3,
    4,
    5,
    3,
    4,
    4,
    10
  ],
  "seed_used": 42
}