{
  "final_mean_stress": 42.5276221278678,
  "final_std_stress": 26.483188949008273,
  "final_max_stress": 86.84408177989641,
  "high_stress_agents": 428.8,
  "peak_mean_usage": 307.41592866395706
}