{
  "lfr_n": 100,
  "lfr_gamma": 3.0,
  "lfr_beta": 1.5,
  "lfr_mu": 0.1,
  "lfr_avg_degree_target": 5,
  "n_nodes": 100,
  "n_edges": 189,
  "density": 0.038181818181818185,
  "avg_degree": 3.78,
  "std_degree": 1.9056757331718321,
  "min_degree": 2,
  "max_degree": 15,
  "is_connected": true,
  "n_components": 1,
  "largest_cc_size": 100,
  "avg_clustering": 0.1972094017094017,
  "transitivity": 0.17229729729729729,
  "diameter": 16,
  "avg_shortest_path": 5.497171717171717,
  "n_communities": 8,
  "assortativity_persona": 0.9141962298343412
}