{
  "final_stress_mean": 30.20181990475293,
  "final_stress_std": 0.8773389974475113,
  "burnout_count_mean": 0.6,
  "burnout_count_std": 0.5477225575051662,
  "total_stress_auc_mean": 83204.59883241363,
  "total_stress_auc_std": 1021.0544452183282
}