{
  "total_records": 3100,
  "n_agents": 100,
  "n_days": 30,
  "initial_stress_mean": 44.5,
  "initial_stress_std": 34.739288735064534,
  "final_stress_mean": 43.81172797304939,
  "final_stress_std": 26.21411547979745,
  "stress_change": -0.6882720269506066,
  "peak_stress_overall": 100.0,
  "peak_stress_day": 0,
  "peak_stress_value": 44.5,
  "burnout_count_initial": 13,
  "burnout_count_final": 6,
  "total_stress_auc": 118863.68167995512,
  "avg_stress_auc_per_agent": 1188.636816799551
}